year_month,amazon_stock_price,amazon_stock_volume,apple_stock_price,apple_stock_volume,google_stock_price,google_stock_volume,meta_stock_price,meta_stock_volume,microsoft_stock_price,microsoft_stock_volume,bitcoin_price,bitcoin_volume,ethereum_price,ethereum_volume,gold_price,gold_volume,s&p500_price,s&p500_volume
2000-01,74.97,262209000,104.0,112099800,,,,,106.745,637437600,,,,,,,1414.0700073242188,21494400000
2000-02,74.5,207457700,108.47,65355200,,,,,99.06,667243800,,,,,,,1384.8099975585938,20912000000
2000-03,67.625,156584600,132.19,77663900,,,,,101.97,1014093800,,,,,,,1449.7449951171875,26156200000
2000-04,54.72,162012500,122.185,77342900,,,,,80.75,1129073300,,,,,,,1433.2949829101562,20106460000
2000-05,51.41,130688600,104.0,87569200,,,,,67.19,672215400,,,,,,,1421.2999877929688,19898300000
2000-06,45.3,203140900,77.125,89106200,,,,,73.0,733525100,,,,,,,1454.7650146484375,21738300000
2000-07,35.91,198524600,53.755,102620900,,,,,75.06,617092900,,,,,,,1465.60498046875,19089100000
2000-08,36.64,144464700,52.875,100644400,,,,,71.495,609699900,,,,,,,1475.3200073242188,20363700000
2000-09,42.565,133739700,44.745000000000005,259230900,,,,,65.345,712766900,,,,,273.6999969482422,4291.0,1474.7649536132812,20838300000
2000-10,28.909999999999997,246733500,22.125,391174800,,,,,59.28,1234707800,,,,,,,1380.3049926757812,25951400000
2000-11,31.505000000000003,159338900,19.560000000000002,151578100,,,,,64.685,991731300,,,,,267.0500030517578,32465.0,1366.6799926757812,20532300000
2000-12,21.255,202112900,15.565000000000001,158195900,,,,,50.47,1028334100,,,,,272.0,1664.0,1321.5599975585938,23610800000
2001-01,17.97,210486800,18.47,244811800,,,,,53.815,1002765600,,,,,265.59999084472656,17811.0,1328.9949951171875,27829800000
2001-02,13.564,167374100,19.97,125424400,,,,,59.47,768447800,,,,,261.9499969482422,1066.0,1295.9099731445312,21644400000
2001-03,11.781500000000001,167635900,20.47,192840400,,,,,55.44,947674900,,,,,264.1000061035156,31161.0,1174.3049926757812,27806610000
2001-04,13.129999999999999,189780400,22.935000000000002,199267700,,,,,61.08,1037903500,,,,,,,1180.64501953125,25409990000
2001-05,15.350000000000001,144686700,23.0,133364900,,,,,69.7,888652900,,,,,275.8000030517578,32850.0,1273.9650268554688,24525900000
2001-06,14.56,136695900,22.225,136397600,,,,,71.08000000000001,724588900,,,,,270.75,1350.0,1244.8250122070312,24748030000
2001-07,14.245000000000001,172078700,21.535,154555400,,,,,68.67500000000001,727600500,,,,,,,1202.6600341796875,23793710000
2001-08,10.705,100687300,18.59,91595700,,,,,61.92,576948200,,,,,272.54998779296875,1817.0,1175.5700073242188,23359200000
2001-09,7.43,126843400,16.88,98777200,,,,,53.29,755412200,,,,,282.8000030517578,3137.0,1050.0750122070312,25025290000
2001-10,7.75,169882800,17.125,134718700,,,,,57.019999999999996,875445500,,,,,284.1999969482422,893.0,1068.6849975585938,29951280000
2001-11,9.5,310965300,19.4,95888300,,,,,63.97,665484300,,,,,276.6499938964844,27949.0,1108.8450317382812,26330000000
2001-12,11.155000000000001,212455500,22.060000000000002,82675700,,,,,66.845,488544500,,,,,276.25,2157.0,1144.0750122070312,25128570000
2002-01,12.399999999999999,322739200,22.495,152060300,,,,,65.975,680057900,,,,,282.75,28613.0,1129.3150024414062,29746200000
2002-02,12.905000000000001,163988900,23.46,139954000,,,,,60.825,565579600,,,,,295.1000061035156,3964.0,1102.2799682617188,26047600000
2002-03,15.255,164817800,23.560000000000002,94974700,,,,,61.655,536622100,,,,,297.1999969482422,29465.0,1140.3349609375,26563200000
2002-04,14.785,158958600,24.585,114693500,,,,,55.92,708739700,,,,,305.0,2226.0,1105.6499633789062,28568900000
2002-05,18.075,154840500,24.060000000000002,106717100,,,,,52.394999999999996,710133100,,,,,317.8999938964844,29743.0,1077.7749633789062,26905500000
2002-06,16.92,142617800,19.715,155500300,,,,,52.805,917036500,,,,,321.8999938964844,5817.0,1011.8299865722656,29981510000
2002-07,14.71,176592200,16.295,144971700,,,,,48.17,1216094000,,,,,312.34999084472656,28530.0,885.0700073242188,42228720000
2002-08,14.385,115341600,15.11,91994400,,,,,48.625,857878600,,,,,308.0,3256.0,899.2200012207031,29298400000
2002-09,16.085,146027000,14.620000000000001,94497100,,,,,47.105000000000004,847852900,,,,,,,862.1100158691406,27723710000
2002-10,18.135,203538600,14.9,118061300,,,,,48.629999999999995,1237685300,,,,,316.34999084472656,3849.0,838.0350036621094,37856310000
2002-11,21.35,206336300,16.195,80923600,,,,,55.269999999999996,777998600,,,,,320.5,54551.0,906.9349975585938,29200960000
2002-12,21.715,155610600,14.940000000000001,80900700,,,,,55.11,634185100,,,,,,,911.8650207519531,25993640000
2003-01,20.92,169197200,14.47,107961300,,,,,52.175,859331100,,,,,358.6000061035156,8298.0,887.6950073242188,30749580000
2003-02,21.055,115941900,14.55,73469700,,,,,36.2,910628150,,,,,365.4499969482422,6928.0,835.4649963378906,25235300000
2003-03,24.7,164093600,14.6,71935800,,,,,24.675,1371902600,,,,,341.3999938964844,6100.0,842.4000244140625,30080030000
2003-04,26.66,219644300,13.835,138845400,,,,,25.189999999999998,1249617700,,,,,328.84999084472656,3097.0,886.0449829101562,29669610000
2003-05,32.120000000000005,190833800,16.5,193063300,,,,,25.195,1311003700,,,,,354.5,164025.0,934.1050109863281,30952100000
2003-06,35.035,171470800,18.16,109166700,,,,,25.055,1569995800,,,,,,,989.4600219726562,31219400000
2003-07,38.55,229239500,20.04,93183400,,,,,26.6,1292011000,,,,,353.4499969482422,86330.0,988.7549743652344,31553200000
2003-08,42.615,150718900,21.135,76920800,,,,,26.189999999999998,966506900,,,,,360.5,5743.0,985.9250183105469,24881470000
2003-09,48.015,202836400,21.7345,95490800,,,,,28.235,1253309100,,,,,380.8000030517578,16207.0,1015.3250122070312,29940110000
2003-10,54.33,288225300,22.6005,125717700,,,,,27.685000000000002,1400032500,,,,,381.0,3594.0,1024.8800048828125,32298500000
2003-11,52.58,181979000,21.575000000000003,88823300,,,,,25.795,1442336700,,,,,389.5,165003.0,1047.4249877929688,24463220000
2003-12,50.97,193675200,20.575,97390600,,,,,26.525,1476461300,,,,,407.1000061035156,10267.0,1082.9850463867188,27839130000
2004-01,53.21,217934700,23.009999999999998,141567900,,,,,28.045,1232189000,,,,,412.3500061035156,132663.0,1130.22998046875,32820000000
2004-02,46.44,185747700,22.9,87893400,,,,,27.075000000000003,1032065600,,,,,,,1141.7099609375,27985600000
2004-03,42.105000000000004,154770500,25.87,207609200,,,,,25.365000000000002,1703041000,,,,,409.5500030517578,105746.0,1125.1950073242188,33597900000
2004-04,46.2,162636600,27.534999999999997,159467400,,,,,26.285,1558947800,,,,,406.0,6579.0,1128.8999633789062,31611900000
2004-05,44.614999999999995,150196500,27.14,94719200,,,,,26.01,1141456900,,,,,386.0499877929688,144835.0,1102.0299682617188,29326400000
2004-06,51.2,161251200,30.9,146914900,,,,,27.33,1534889700,,,,,394.0,6207.0,1129.8299560546875,27529500000
2004-07,45.71,202437000,31.185000000000002,173153200,,,,,28.57,1550446900,,,,,396.5500030517578,116575.0,1109.8099975585938,29285600000
2004-08,37.84,180022400,32.44,143060100,,,,,27.25,1094195300,,,,,,,1085.2000122070312,26586800000
2004-09,40.82,176176900,36.730000000000004,137026900,116.98,212494700.0,,,27.265,1141012300,,,,,407.7999877929688,16144.0,1115.3600463867188,26829870000
2004-10,37.85,208568400,45.425,287399400,164.425,513620700.0,,,28.155,1300591200,,,,,420.1499938964844,2646.0,1116.1700439453125,31511000000
2004-11,37.825,168474900,60.80499999999999,311421500,181.45499999999998,554632100.0,,,27.53,1739407300,,,,,439.6999969482422,183608.0,1158.0299682617188,30460280000
2004-12,41.835,176014800,64.775,284796700,184.175,290392600.0,,,27.0595,1803777700,,,,,444.5500030517578,12728.0,1195.5549926757812,31102500000
2005-01,42.849999999999994,194935200,70.245,459075800,190.79500000000002,409918400.0,,,26.37,1521414300,,,,,424.8500061035156,115342.0,1190.7750244140625,31498800000
2005-02,38.395,218655100,67.42,383016900,198.9,650567500.0,,,25.814799999999998,1361126000,,,,,423.0500030517578,8468.0,1196.6949462890625,29297410000
2005-03,34.66,119566600,41.97,524140000,181.20999999999998,343553000.0,,,24.805,1541411300,,,,,435.5500030517578,3171.0,1196.3999633789062,39014150000
2005-04,32.97,162491300,39.225,691982800,202.29000000000002,452927500.0,,,24.695,1520253700,,,,,430.4500122070313,2579.0,1164.0150146484375,43424270000
2005-05,34.07,116947800,37.025,459224800,249.305,507029100.0,,,25.2,1270563700,,,,,,,1172.8700561523438,39321990000
2005-06,34.96,106233600,38.14,404542700,288.34000000000003,777224400.0,,,25.41,1303029500,,,,,428.25,6950.0,1203.9450073242188,40334040000
2005-07,39.3,182601100,40.335,360508800,302.395,409487200.0,,,25.490000000000002,1321407700,,,,,425.0500030517578,44574.0,1214.3500366210938,37464670000
2005-08,44.44,114751100,45.175,335743100,286.535,285656800.0,,,26.85,1441979300,,,,,439.3000030517578,3085.0,1223.4649658203125,42030090000
2005-09,43.17,104700400,50.325,440991800,302.975,339965100.0,,,26.255000000000003,1348861500,,,,,456.25,11805.0,1224.239990234375,44777510000
2005-10,42.86,146980100,52.925,665837400,332.7175,385538000.0,,,25.025,1439659900,,,,,469.5,2106.0,1200.7699584960938,49793790000
2005-11,44.54,216455300,63.97,480586700,400.125,422908000.0,,,26.93,1444948300,,,,,478.7999877929688,157642.0,1235.85498046875,45102870000
2005-12,48.570499999999996,121167800,72.13499999999999,466577300,422.61,397165000.0,,,27.1005,1271695500,,,,,514.3000030517578,12240.0,1261.1950073242188,41756130000
2006-01,45.84,123410300,78.635,781370400,434.925,597481100.0,,,27.240000000000002,1388622700,,,,,,,1270.3200073242188,49211650000
2006-02,40.87,165544700,69.67999999999999,670024900,372.16499999999996,594453900.0,,,27.205,1047699000,,,,,555.3999938964844,10165.0,1275.5899658203125,42859940000
2006-03,36.48455,122178100,63.83,828308300,365.275,612913300.0,,,27.42,1437940900,,,,,564.75,94801.0,1289.6500244140625,50905040000
2006-04,36.925,106758600,66.55,718545800,419.32500000000005,370257300.0,,,25.9705,1446126900,,,,,616.8999938964844,8121.0,1299.4500122070312,43308430000
2006-05,34.01,146896000,66.245,557456400,390.005,351526700.0,,,23.725,2309193400,,,,,680.0,137161.0,1286.0199584960938,54312830000
2006-06,35.63,115117400,59.254999999999995,640593700,395.46500000000003,284475000.0,,,22.554949999999998,1971637200,,,,,600.0499877929688,6197.0,1254.9850463867188,54873260000
2006-07,32.29,228663400,59.394999999999996,624276500,402.78999999999996,254787800.0,,,23.415,1332298100,,,,,644.8500061035156,99344.0,1252.4800415039062,46348220000
2006-08,28.375,159186800,66.28999999999999,638844500,376.68,213728900.0,,,25.05005,1134188400,,,,,632.5,4608.0,1284.02001953125,50485620000
2006-09,31.245,146018700,72.8,632912800,397.70500000000004,242858900.0,,,26.455,1097482600,,,,,607.4500122070312,17592.0,1315.6050415039062,49001440000
2006-10,34.585,209485000,77.6,513855600,445.075,316709800.0,,,28.00005,1290967400,,,,,,,1358.2749633789062,56793620000
2006-11,40.06,146802400,85.4745,494103000,489.03075,236642800.0,,,29.29005,1239142000,,,,,630.25,114115.0,1384.4349975585938,55343930000
2006-12,39.17,121040700,84.55,603242600,472.37025,183144000.0,,,29.53,1137160900,,,,,630.8500061035156,3823.0,1408.8700561523438,47578780000
2007-01,37.72,130435300,89.85,971777900,487.055,248923900.0,,,30.439999999999998,1324518200,,,,,631.25,101525.0,1422.7899780273438,56686200000
2007-02,39.34,157975400,86.83500000000001,490084100,474.525,227599400.0,,,29.365000000000002,1290850900,,,,,664.8500061035156,3981.0,1425.4949951171875,51844990000
2007-03,38.64,142153100,90.28999999999999,568523000,451.5,235995600.0,,,27.575000000000003,1269506500,,,,,656.5,52996.0,1401.4349975585938,67622250000
2007-04,51.695,315622753,96.05,480705000,472.31,185730000.0,,,29.15,958964900,,,,,,,1457.1950073242188,57032470000
2007-05,66.505,330242400,110.36,620181000,483.095,198963200.0,,,30.53,1327154700,,,,,669.5,158741.0,1506.1300048828125,64958050000
2007-06,70.715,238788700,121.505,831412200,516.29,257837700.0,,,29.97,1181412800,,,,,657.0,4027.0,1512.3700561523438,65322800000
2007-07,78.505,264827800,134.10999999999999,857806200,528.73,233027400.0,,,30.395,1295548000,,,,,,,1505.0750122070312,70337430000
2007-08,75.425,175514000,125.635,870028500,503.64,177222800.0,,,28.805,1228579500,,,,,659.5500183105469,8547.0,1437.2449951171875,91381760000
2007-09,86.995,122273200,142.5,747543700,541.3349499999999,138687900.0,,,29.060000000000002,1117419500,,,,,709.1000061035156,27393.0,1489.0150146484375,57809700000
2007-10,92.18,231988500,171.525,831349700,638.3050000000001,310590000.0,,,33.144999999999996,1772076700,,,,,759.8500061035156,2720.0,1532.8250122070312,76022580000
2007-11,83.985,180196500,171.655,935706800,681.63,342606600.0,,,35.09,1830846800,,,,,809.4499816894531,239351.0,1475.9450073242188,86246950000
2007-12,89.9,127062200,189.97500000000002,616167100,688.65,170456500.0,,,34.675,1064817100,,,,,810.1000061035156,7681.0,1479.6099853515625,64821670000
2008-01,83.135,288335400,163.2,1256210300,608.185,315262000.0,,,33.5,1950301600,,,,,891.3500061035156,231851.0,1370.9100341796875,98475340000
2008-02,71.685,211217800,126.015,888069800,493.945,354015500.0,,,30.134999999999998,2324580800,,,,,928.8999938964844,8233.0,1356.385009765625,78536130000
2008-03,69.065,192685600,131.87,818831200,442.415,290938800.0,,,28.23,1452390200,,,,,963.2999877929688,216432.0,1308.3300170898438,93189170000
2008-04,76.64500000000001,197849400,161.805,813820800,512.9300000000001,285802500.0,,,30.015,1444720000,,,,,905.8500061035156,13006.0,1364.4599609375,85978630000
2008-05,78.155,152573200,182.12,663864800,570.13,209055200.0,,,29.240000000000002,1405170200,,,,,887.5999755859375,221797.0,1406.6549682617188,80990480000
2008-06,78.75,152905700,177.05,695564100,551.565,187380600.0,,,28.34,1560439100,,,,,,,1338.0250244140625,96614040000
2008-07,72.685,215813300,163.72,705348600,510.64025,207962700.0,,,26.39,1579425446,,,,,939.75,250610.0,1246.3049926757812,124980570000
2008-08,82.9,149044400,166.68,467348400,486.28,137490300.0,,,26.785,1206949700,,,,,848.5,9253.0,1280.2999877929688,86266010000
2008-09,74.045,192463400,137.04500000000002,859555800,431.445,267887800.0,,,25.630000000000003,1927538700,,,,,829.0,18800.0,1204.7300415039062,140007320000
2008-10,57.65,332074700,100.7,1479525400,363.21000000000004,398191400.0,,,24.06,3044579400,,,,,803.3500061035156,3365.0,1003.4150085449219,159823030000
2008-11,46.705,228051500,95.465,843552200,309.83000000000004,315749100.0,,,20.58,1794911800,,,,,765.5,377779.0,874.2650146484375,115660210000
2008-12,46.835,206194300,94.07499999999999,721923100,296.04005,225787700.0,,,19.86,1546943400,,,,,811.7999877929688,9599.0,867.2699890136719,112884470000
2009-01,53.685,204072300,87.685,646633600,317.53999999999996,219542700.0,,,18.875,1564043400,,,,,867.9499816894531,215420.0,874.0749816894531,112090640000
2009-02,62.745000000000005,186780200,94.755,495266100,355.275,222946400.0,,,18.015,1456213400,,,,,,,804.7650146484375,124492210000
2009-03,67.715,227672300,96.155,550878500,324.305,227721500.0,,,16.875,1625752800,,,,,,,749.8849792480469,161843640000
2009-04,79.195,185032000,115.545,422202900,372.18,175489100.0,,,19.689999999999998,1562400700,,,,,898.75,17300.0,836.010009765625,138855320000
2009-05,78.35,137603400,127.64,337755100,400.96145,113955500.0,,,19.975,1101122400,,,,,930.9500122070312,234559.0,898.1349792480469,131614940000
2009-06,82.405,152085400,139.64,452699000,424.61505,140780100.0,,,22.6,1411144700,,,,,953.7999877929688,12773.0,922.5449829101562,112653150000
2009-07,84.905,175461400,149.70999999999998,390790600,424.34005,145887200.0,,,23.86,1517459800,,,,,931.8499755859376,177420.0,933.0,106635790000
2009-08,84.225,112622900,165.95499999999998,291611600,456.45525,97378800.0,,,24.259999999999998,993250400,,,,,951.2999877929688,7492.0,1008.989990234375,116059270000
2009-09,86.005,128121800,176.505,356761400,479.79499999999996,102056300.0,,,25.005000000000003,1038979700,,,,,984.25,15642.0,1036.0599975585938,112295490000
2009-10,106.975,268616400,194.70495,462720600,522.12,154193500.0,,,26.89,1523430100,,,,,1028.4999694824219,3699.0,1060.6549987792969,113410990000
2009-11,126.165,160305100,196.785,301956600,557.65045,81729700.0,,,28.775,1018256700,,,,,,,1071.5349731445312,84981530000
2009-12,135.77870000000001,207471100,201.315,406927100,602.585,85154200.0,,,30.375,920605500,,,,,1150.7000122070312,24177.0,1108.135009765625,89515330000
2010-01,127.36500000000001,230861000,202.92000000000002,541749800,577.56,178021600.0,,,29.45,1359650900,,,,,1117.199951171875,320664.0,1111.0199584960938,90947580000
2010-02,119.34,210145800,198.01,384860000,533.75,103963600.0,,,28.3,1074643300,,,,,1086.2999877929688,18209.0,1078.4600219726562,84561340000
2010-03,127.86,158042600,221.46499999999997,434077600,558.0074999999999,167380600.0,,,29.405,1110237200,,,,,1115.25,222583.0,1143.0249633789062,103683550000
2010-04,140.935,173025100,252.605,441683200,559.435,145974700.0,,,30.1,1319029500,,,,,1146.300048828125,10917.0,1195.2449951171875,116741910000
2010-05,128.48,140909900,233.565,645809100,496.46,162958300.0,,,27.810299999999998,1720130200,,,,,1202.8499755859375,361661.0,1122.9550170898438,127662780000
2010-06,117.58000000000001,133378500,260.605,594687600,476.985,119605600.0,,,24.939999999999998,1671811600,,,,,1230.8500366210938,16703.0,1079.7799682617188,110106750000
2010-07,115.34,175326200,252.79500000000002,559632300,465.565,138480300.0,,,24.57,1408590600,,,,,1200.2000122070312,267525.0,1065.9299621582031,94778110000
2010-08,124.19,113419800,249.92,342468600,478.125,105603500.0,,,24.85,1279372100,,,,,,,1084.469970703125,85738250000
2010-09,143.975,134321000,270.505,423211400,494.6745,119281400.0,,,24.535,1273139500,,,,,1277.5999755859375,33200.0,1103.4400024414062,79589450000
2010-10,161.695,142883500,298.385,436949200,571.79505,158536000.0,,,25.490000000000002,1281432800,,,,,1346.4500122070312,3190.0,1164.0050048828125,89536270000
2010-11,169.30625,131011400,309.53,339574500,592.0799999999999,116766000.0,,,26.21,1361176300,,,,,1375.3499755859375,245327.0,1200.0399780273438,87151070000
2010-12,179.37,93661700,320.775,249044100,584.7,84484800.0,,,26.979999999999997,1033710000,,,,,1396.7999877929688,16511.0,1224.5999755859375,80984530000
2011-01,179.25,113611300,336.71825,387197700,619.255,119847800.0,,,28.44,1361258700,,,,,1365.7999877929688,299379.0,1280.14501953125,92164940000
2011-02,180.45499999999998,95776400,351.31,331998200,616.265,83653600.0,,,27.384999999999998,1114368500,,,,,1370.2999877929688,14468.0,1316.60498046875,59223660000
2011-03,171.07999999999998,118979100,343.96500000000003,403802100,585.25005,120156600.0,,,25.73,1310885200,,,,,1416.2000122070312,194338.0,1290.6650390625,89507640000
2011-04,186.585,116749400,337.645,330493900,557.095,140342000.0,,,25.795,1313844800,,,,,1490.8499755859375,15801.0,1329.6300048828125,77364810000
2011-05,198.635,106274500,340.625,246859300,529.565,90564200.0,,,25.14,1364062800,,,,,,,1341.1900024414062,81708980000
2011-06,193.92000000000002,95563700,331.31600000000003,330851800,503.10994999999997,118130800.0,,,24.825,1297757600,,,,,1524.5999755859375,15027.0,1301.6349487304688,86122730000
2011-07,215.405,92808500,369.35,380498100,566.9395999999999,161948200.0,,,26.9925,1259328200,,,,,1557.4500122070312,309932.0,1319.6699829101562,81102170000
2011-08,202.27499999999998,155194700,376.26,576521400,553.1800000000001,213336700.0,,,25.737499999999997,1719339500,,,,,1758.1500244140625,25647.0,1204.4600219726562,108419170000
2011-09,224.235,143623300,394.67,427766000,534.51,117140800.0,,,26.05,1279920200,,,,,1737.0,31848.0,1171.7550048828125,102786820000
2011-10,221.61,159214400,390.47,469336700,541.648,154275400.0,,,25.880000000000003,1218142500,,,,,1674.2999877929688,2715.0,1183.7150268554688,98063670000
2011-11,201.93,136588100,385.65999999999997,320132200,589.815,120479300.0,,,25.75,1046207400,,,,,1736.4000244140625,257009.0,1218.1050415039062,84275050000
2011-12,183.315,125595200,393.385,225233300,622.88,109983800.0,,,25.675,1007166600,,,,,1643.9500122070312,11311.0,1235.8699951171875,74742430000
2012-01,185.0,110536900,433.62,244994800,617.4,147136900.0,,,28.17,1354858100,,,,,,,1296.1649780273438,79567560000
2012-02,182.785,146580400,500.795,406019800,602.37,94633500.0,,,30.855,984332300,,,,,1729.7000122070312,9587.0,1345.2449951171875,78385710000
2012-03,193.215,112975100,568.8355,556583500,626.2145,94564700.0,,,32.22,942366500,,,,,1679.2000122070312,254540.0,1379.5900268554688,83899660000
2012-04,208.745,110535400,599.5,557106800,621.6700000000001,117636800.0,,,31.560000000000002,940739700,,,,,,,1389.8800048828125,74761710000
2012-05,220.04000000000002,92774300,559.47,396655200,608.425,117228000.0,,,30.4875,1014372600,,,,,1599.5,345507.0,1353.6499633789062,86920490000
2012-06,217.36,65745600,569.25,280565200,572.20505,92914500.0,29.485,667910500.0,29.73,973131400,,,,,1592.5999755859375,11162.0,1315.0999755859375,81582440000
2012-07,226.675,77340200,594.935,318201800,602.345,102469600.0,27.245,520189700.0,29.795,846604100,,,,,,,1358.5750122070312,73103810000
2012-08,239.32999999999998,60192400,640.56,295578800,656.2,94031300.0,20.240000000000002,1151944900.0,29.965,671748400,,,,,1636.5499877929688,11783.0,1390.6650390625,70283810000
2012-09,254.385,63570500,680.5350000000001,328535900,719.1949999999999,120233800.0,20.46,1058643700.0,30.674999999999997,893107700,,,,,1736.5,25557.0,1435.5350341796875,69784280000
2012-10,242.40999999999997,81568500,632.225,433672500,722.04,143452800.0,21.525,1100938300.0,29.005000000000003,1105402300,,,,,1746.7000122070312,2741.0,1437.1199951171875,71752320000
2012-11,235.41500000000002,67213600,554.37505,461780400,667.61,93264000.0,23.435000000000002,1527490200.0,28.27245,1310516100,,,,,1712.7000122070312,345777.0,1388.8099975585938,71489310000
2012-12,252.93,60871200,547.9100000000001,433312600,710.3050499999999,83306700.0,27.015,1191832200.0,26.995,947310900,,,,,1679.050048828125,7061.0,1423.0549926757812,66388180000
2013-01,268.99,84226400,495.0,468693700,728.235,104704600.0,29.963150000000002,1675851700.0,27.255000000000003,1145054400,,,,,1660.199951171875,197723.0,1468.06494140625,75848510000
2013-02,264.70500000000004,68661700,461.3,333715500,783.5350000000001,92587100.0,28.68,957639800.0,27.65,780587000,,,,,1619.2999877929688,11784.0,1507.9749755859375,69273480000
2013-03,264.735,58505700,444.475,327745600,818.65,85011800.0,26.697499999999998,727180500.0,28.09,844946000,,,,,1587.800048828125,223847.0,1535.8800048828125,68527110000
2013-04,262.18,76916200,415.175,391553200,794.4500499999999,106996300.0,26.625,738509200.0,30.61,1322883228,,,,,1462.7999877929688,14648.0,1566.7999877929688,77098000000
2013-05,258.83000000000004,59050500,442.325,337411800,868.48,98734600.0,26.165,982094800.0,33.8,1071860000,,,,,1415.0,222108.0,1634.2300415039062,76447250000
2013-06,273.145,58575800,421.65,250662000,879.03,97063000.0,23.93,788331500.0,34.175,945155500,,,,,1302.949951171875,12739.0,1607.2599487304688,74946790000
2013-07,295.39,67536900,429.28125,233504100,901.8050000000001,102387300.0,31.23,1438017100.0,33.72495,1111130600,,,,,1276.2000122070312,186170.0,1651.6749877929688,68106820000
2013-08,292.77,43773900,483.5,287797800,877.6344999999999,66906000.0,39.14005,1344994100.0,33.02,1051265000,,,,,1351.0,10507.0,1668.5700073242188,64802810000
2013-09,302.37,43468800,477.57000000000005,308247900,879.97,66180000.0,46.519999999999996,1583083800.0,32.35,1242961500,,,,,,,1681.635009765625,66174410000
2013-10,332.45124999999996,77295400,508.765,279919000,942.25,110337300.0,50.042500000000004,2032635000.0,34.545,965331500,,,,,1306.8999633789062,2723.0,1710.844970703125,76647400000
2013-11,367.98995,54207700,535.355,186612700,1036.5,52459700.0,47.82,1357311900.0,36.84,800431600,,,,,1277.3499755859375,270667.0,1779.875,63628190000
2013-12,392.565,55686700,556.9679,252049900,1085.01,67617600.0,52.42,1517533200.0,37.254999999999995,826617700,,,,,,,1808.7149658203125,64958820000
2014-01,382.90999999999997,81011900,526.875,313069800,1134.405,108913300.0,57.61,1294714800.0,36.260000000000005,930226200,,,,,1236.8500366210938,189701.0,1810.6449584960938,75871910000
2014-02,351.7975,83009000,525.245,210013100,1178.45,81010500.0,66.07,1110774100.0,37.075,705304500,,,,,1292.5499877929688,11943.0,1802.9200439453125,69725590000
2014-03,356.995,75253500,535.905,178632100,1164.545,87224100.0,65.285,1255440000.0,39.4975,778425700,,,,,1336.9000244140625,255794.0,1859.2049560546875,71885030000
2014-04,318.14750000000004,138278700,555.38,229823600,827.9,68887600.0,59.285,1884621400.0,40.28,746113500,,,,,1301.2000122070312,8265.0,1855.8200073242188,71595810000
2014-05,299.625,78579200,612.25,204845300,544.375,41456800.0,60.28,1120155500.0,39.739999999999995,574362900,,,,,1278.0,211143.0,1891.9100341796875,63623630000
2014-06,322.27995,76493200,370.455,853194497,568.5350000000001,39445800.0,64.895,862067700.0,41.075,555779700,,,,,,,1942.0750122070312,63283380000
2014-07,338.355,99337300,96.005,1035191700,590.50505,38583300.0,69.475,1025679500.0,43.379999999999995,731616500,,,,,1312.1499633789062,224607.0,1961.030029296875,66524690000
2014-08,325.629,62015200,98.09,930931500,582.63,29046600.0,73.77,589592700.0,43.84,513429400,,,,,1296.7000122070312,9633.0,1954.9100341796875,58131140000
2014-09,333.51,68006506,99.94,1523782675,591.2049999999999,35413703.0,76.38835,719738102.0,46.05,860084532,,,,,1245.2000122070312,27705.0,1991.6500244140625,66706000000
2014-10,304.58000000000004,111120640,101.61000000000001,1360280122,555.405,55503010.0,75.74,1083643275.0,44.535,853297059,350.4969940185547,902994450.0,,,1206.2000122070312,4510.0,1919.4249877929688,93714040000
2014-11,316.775,68993021,113.735,820471729,553.1700000000001,29775322.0,75.39,491018048.0,48.3875,523008240,388.8594970703125,659733360.0,,,1167.7000122070312,299410.0,2038.385009765625,63600190000
2014-12,316.835,86874154,112.755,1073775862,522.99,54469614.0,78.285,534690249.0,46.980000000000004,626810606,344.13499450683594,553102310.0,,,1189.8499755859375,11140.0,2033.0550537109375,80743820000
2015-01,322.375,103040529,112.315,1304879185,518.16,52843510.0,76.39275,546057661.0,44.129999999999995,918738022,245.97249603271482,1098811912.0,,,1236.5,258615.0,2030.2400512695312,77330040000
2015-02,369.69,70847240,124.84,1136535493,545.5699999999999,40420326.0,77.41,475148609.0,42.265,656509827,238.81299591064453,711518700.0,,,,,2050.2450561523438,68775560000
2015-03,377.03409999999997,55502746,125.955,1138641910,566.7650000000001,43207344.0,81.66495,575349997.0,42.364999999999995,824335340,268.27950286865234,959098300.0,,,,,2078.60498046875,76675850000
2015-04,410.495,84404887,128.82,996135511,556.85,43746541.0,81.955,542124478.0,44.83,874535095,238.33599853515625,672338700.0,,,1199.3999633789062,7838.0,2087.14990234375,72060940000
2015-05,426.775,51984199,128.165,954152126,545.2375,32421761.0,79.3175,421870709.0,47.462500000000006,633072750,238.1884994506836,568122600.0,,,1199.0499877929688,258123.0,2101.324951171875,65187730000
2015-06,433.09000000000003,54989227,127.935,878606841,552.2302999999999,35218182.0,84.03,537956820.0,45.855000000000004,664853340,244.58150482177734,629780200.0,,,1184.0,6252.0,2093.0950927734375,73213980000
2015-07,503.07000000000005,102069942,126.095,1058280697,626.5450000000001,68543766.0,92.2355,790781334.0,45.36,725458102,283.9495086669922,999892200.0,,,1125.8499755859375,216892.0,2088.4200439453125,77920590000
2015-08,496.87,82893196,107.285,1606359115,648.5450000000001,55344735.0,85.37,709770559.0,44.065,776277394,242.64099884033203,905192300.0,,,1124.75,13251.0,1989.8349609375,84626790000
2015-09,520.14,76602841,112.125,1203789074,649.915,43458108.0,91.10499999999999,634104916.0,43.33,670779566,242.14950561523438,603623900.0,,,1127.0499877929688,9119.0,1946.385009765625,79989370000
2015-10,568.36,97188843,114.265,1113703829,691.8075,50293840.0,96.74000000000001,571991600.0,49.06,857330655,284.8925018310547,953279500.0,,,1147.4000244140625,4321.0,1994.010009765625,85844900000
2015-11,651.5899999999999,87301503,117.41,750606735,757.175,37574197.0,105.56,547199822.0,53.754999999999995,662622220,398.2795104980469,2177623396.0,,,,,2067.9349975585938,75943590000
2015-12,665.855,90220804,112.34,922626259,767.475,43650531.0,104.69,440479804.0,55.265,793070000,409.28399658203125,2096250000.0,,,1072.5,10149.0,2048.7650146484375,83649260000
2016-01,602.4475,130200780,99.12,1271848087,728.49,51999240.0,101.105,792709100.0,52.245000000000005,927914485,408.9239959716797,1990880304.0,,,1094.449951171875,229558.0,1925.2449951171875,92409770000
2016-02,527.9,124144797,95.74000000000001,810862547,746.1800000000001,67647477.0,107.205,874152635.0,51.64,814770780,408.0014953613281,1876238692.0,,,1188.050048828125,13930.0,1886.5299682617188,93049560000
2016-03,570.9100000000001,93964682,103.92,745756771,740.655,42564849.0,110.695,521143963.0,53.11,640372350,416.84400939941406,2332852776.0,,,1245.3499755859375,244751.0,2004.6499633789062,92639420000
2016-04,627.615,78464320,102.45,872383623,747.075,46661769.0,113.55000000000001,741613866.0,53.06,699025640,441.8979949951172,1811475204.0,,,1252.3499755859375,9954.0,2072.425048828125,81124990000
2016-05,690.115,90623145,95.1,901144768,728.765,34108232.0,117.94,460559986.0,51.230000000000004,530869347,495.6745147705078,2234432796.0,,,,,2064.6950073242188,78883600000
2016-06,706.8075,74556809,96.695,780630235,712.015,41979195.0,121.91499999999999,451155442.0,50.4925,823987498,651.81298828125,4749702740.0,,,1280.5,13380.0,2056.1150512695312,86852700000
2016-07,741.27,68635440,99.46000000000001,685779613,751.47,32667502.0,120.65,470108473.0,53.84,647587634,658.4010009765625,3454186204.0,,,1343.8500366210938,281653.0,2125.5550537109375,69530250000
2016-08,762.665,50000397,107.11500000000001,630128567,799.4594999999999,28857075.0,124.4,365670913.0,57.42,467079004,578.7265014648438,2686220180.0,,,1336.1500244140625,11854.0,2170.695068359375,75610310000
2016-09,797.975,67354133,109.355,970096738,801.28,31576994.0,128.79,376582063.0,56.9,526855083,599.8144836425781,2004401400.0,,,1326.0,18630.0,2153.4951171875,77023620000
2016-10,810.9100000000001,77063812,115.485,686914224,817.615,35391730.0,130.125,313284563.0,58.84245,614841775,664.9404907226562,2115443796.0,,,1282.8500366210938,5775.0,2142.1600341796875,72915530000
2016-11,755.47,110085967,108.925,721554967,779.815,48353316.0,122.74674999999999,654602125.0,59.345,613056964,717.1965026855469,2635773092.0,,,1243.25,242622.0,2148.945068359375,88445380000
2016-12,759.58,73660584,113.13329999999999,608771645,788.8299999999999,34356689.0,118.25,408728358.0,61.449999999999996,513579428,862.7214965820312,3556763800.0,,,1155.2999877929688,9972.0,2232.4849853515625,75344550000
2017-01,795.77,70714587,118.6,563331160,831.9449999999999,36840255.0,124.32499999999999,379004804.0,63.93,494435826,973.427978515625,5143971692.0,,,,,2273.0599365234375,70576420000
2017-02,831.9300000000001,71748231,132.245,574968547,832.9205,26492197.0,133.7423,384700625.0,63.995,440744043,1073.5404968261719,4282761200.0,,,1230.5,11087.0,2321.594970703125,69260940000
2017-03,861.925,60722752,140.775,562091214,849.3599999999999,34553208.0,139.515,342098632.0,64.905,489173200,1092.0115356445312,10872455960.0,,,1226.949951171875,251026.0,2361.614990234375,81664010000
2017-04,917.04,72336605,142.76,371280180,885.25,24344962.0,145.17000000000002,273330661.0,66.995,428857613,1204.5,9757448112.0,,,1268.9000244140625,9065.0,2363.554931640625,65369860000
2017-05,964.5,75223469,150.46,635292989,960.2,34853054.0,149.01080000000002,390036541.0,68.94,505249296,2056.0050048828125,34261856864.0,,,1243.5999755859375,404733.0,2385.7149658203125,79719460000
2017-06,972.0,94729701,149.08999999999997,664986406,969.105,43247076.0,150.53,405705533.0,70.49000000000001,610120893,2606.4349365234375,44478140928.0,,,1266.6499633789062,8948.0,2429.760009765625,81078810000
2017-07,1017.15505,76564735,148.2,411377229,960.75,40338583.0,161.645,402911091.0,71.22,451248934,2379.5849609375,32619956992.0,,,1239.7000122070312,292633.0,2445.8699951171875,63348090000
2017-08,971.365,75779478,156.465,638221161,937.8975,31859046.0,169.025,297781301.0,73.12,429156682,3702.3199462890625,63548016640.0,,,1287.6000366210938,10098.0,2454.110107421875,70784900000
2017-09,965.875,58038449,157.05,669594016,950.16005,28940676.0,167.78,300559928.0,74.445,367134396,3960.830078125,55700949056.0,,,1316.4000244140625,26808.0,2482.9949951171875,66624120000
2017-10,1036.58,80304293,161.05495000000002,496135305,1012.785,35135039.0,174.54500000000002,309836859.0,79.955,440510118,5317.239990234375,58009357952.0,,,,,2551.68994140625,71088550000
2017-11,1150.1399999999999,76226064,170.76,581374608,1054.33,27895294.0,179.125,335716436.0,83.65,415711970,8518.205078125,140735010304.0,,,1280.75,326214.0,2607.594970703125,73416960000
2017-12,1159.76,56130525,171.82999999999998,518560008,1044.405,29093692.0,175.64499999999998,308647940.0,84.09995,447828256,14891.8251953125,410336495104.0,648.177490234375,79862276544.0,1271.4000244140625,7596.0,2650.2449951171875,65531700000
2018-01,1321.545,94145634,172.39999999999998,639245534,1125.51,31746835.0,183.23000000000002,464919779.0,90.475,543377322,13557.34521484375,416247858176.0,1087.4420166015625,163610220288.0,1332.3500366210938,338322.0,2777.6151123046875,77318690000
2018-02,1397.315,133362428,165.43,888378184,1092.225,48581820.0,181.25,497869797.0,89.94999999999999,690287596,9003.3798828125,229717780480.0,867.8844909667969,83393441152.0,1334.2000122070312,10243.0,2684.324951171875,79933970000
2018-03,1491.37,128401298,174.22,701387082,1081.08,50738448.0,167.56,983045332.0,92.16,732866406,9194.014892578125,193751709184.0,624.4674987792969,53716179584.0,1328.1000366210938,356297.0,2693.8948974609375,76803890000
2018-04,1495.49,129945743,169.785,666360147,1045.88,49252199.0,163.805,751130388.0,92.70500000000001,668258570,8136.09521484375,196550010624.0,536.3399963378906,60669918656.0,,,2635.64501953125,70194700000
2018-05,1590.51,71615299,177.82,620976206,1063.02,37036543.0,181.475,401144183.0,96.22,509418119,8527.590087890625,197611709696.0,673.8045043945312,81752720256.0,1303.0,441893.0,2668.4300537109375,76011820000
2018-06,1699.0949999999998,85941510,187.46499999999997,527624365,1153.78,40184605.0,194.99,387265765.0,99.975,602585341,6790.650146484375,130214179584.0,516.2299957275391,55077550208.0,1276.25,5166.0,2741.72998046875,77891360000
2018-07,1779.0549999999998,97629820,189.69,393843881,1199.02,41806085.0,192.59,652763259.0,104.575,569501573,7280.3447265625,141441939792.0,468.1214904785156,52395320112.0,,,2773.489990234375,64898300000
2018-08,1900.795,96575676,213.09,700318837,1237.98,34298428.0,179.28500000000003,549016789.0,108.81,456630721,6870.044921875,132292770000.0,345.0534973144531,49073240000.0,1192.5499877929688,5996.0,2856.4200439453125,69523070000
2018-09,1957.75,94445693,222.485,678972040,1189.685,35927191.0,166.38,500468912.0,111.26,480255674,6792.97509765625,129745370000.0,235.70050811767578,55203910000.0,1193.0999755859375,23406.0,2902.5150146484375,63031510000
2018-10,1754.775,183228552,219.78,789748068,1115.8600000000001,56549878.0,152.45499999999998,622446235.0,108.14500000000001,927547942,6600.76513671875,118436880000.0,211.4260025024414,44459810000.0,1211.1499633789062,4126.0,2771.7000732421875,91930980000
2018-11,1602.0,139290208,196.31,961321947,1056.0700000000002,39313400.0,140.49,518150415.0,105.79499999999999,720228643,5068.610107421875,158359524484.0,161.71099472045898,59375107547.0,1216.1500244140625,304805.0,2723.1199951171875,80620020000
2018-12,1542.67,154812304,165.765,898917007,1056.33,42869863.0,135.105,558786249.0,103.69,944287635,3750.3404541015625,168826809069.0,120.24929428100586,72329895639.0,1251.300048828125,4402.0,2573.3800048828125,84162180000
2019-01,1598.67,134015530,155.5,828099179,1075.02,34860110.0,150.12,527561443.0,102.55000000000001,714204787,3754.92041015625,167335706864.0,132.0806770324707,85054975141.0,1300.3500366210938,270998.0,2576.4549560546875,80859870000
2019-02,1619.9099999999999,80936924,170.9,472540723,1123.795,32610016.0,166.03,302243555.0,107.79499999999999,469095970,3800.8326416015625,199100675597.0,134.24209213256836,101430995445.0,1322.7999877929688,7989.0,2747.6600341796875,70638770000
2019-03,1705.1599999999999,100832035,183.595,650981384,1183.3200000000002,33186195.0,166.79000000000002,388172717.0,114.81,589045341,4015.2781982421875,297952790260.0,137.5079689025879,138882123600.0,1301.9500122070312,295700.0,2791.2900390625,79159660000
2019-04,1877.5349999999999,81293632,198.43,506117812,1239.9850000000001,32374805.0,182.88,382184268.0,124.735,433157868,4869.472900390625,445364556718.0,162.55770874023438,204556824026.0,1287.5499877929688,6961.0,2899.074951171875,70090370000
2019-05,1868.5500000000002,98214360,195.15,739456573,1151.3,37137156.0,186.67000000000002,286821828.0,126.845,547218448,7177.980224609375,724157870864.0,223.43092346191406,314349041886.0,1286.5,248448.0,2852.324951171875,77250740000
2019-06,1803.6,74746589,185.92000000000002,515218768,1076.8,35623822.0,179.86,426428460.0,128.705,508324437,10680.489013671875,675855385074.0,295.3280563354492,270589672710.0,1370.1500244140625,6517.0,2846.47998046875,71250630000
2019-07,1942.62,73190780,209.89,473957094,1181.8600000000001,35763639.0,200.29500000000002,351062381.0,138.175,484553299,11146.33203125,676416326705.0,256.1067657470703,249663340219.0,1413.5,302051.0,2990.0999755859375,70599470000
2019-08,1820.7150000000001,79978762,205.305,683515746,1189.525,29345892.0,187.565,295147285.0,135.86,585509525,10847.7255859375,533984971734.0,203.09365844726562,203391541658.0,1475.1000366210938,17142.0,2917.8551025390625,80269220000
2019-09,1781.44,62003799,215.32,547408488,1205.865,26274335.0,184.38,267509200.0,138.44,477645820,9364.76025390625,480544963230.0,190.00100708007812,223404691299.0,,,2956.9200439453125,74178980000
2019-10,1741.955,71821008,232.44,621478768,1231.19,30611918.0,185.59,329115789.0,139.445,560654410,8734.366455078125,595205134748.0,176.70296478271484,251679512754.0,1488.25,5233.0,2953.02001953125,77720640000
2019-11,1773.7,52060472,258.58,448922253,1296.815,26359574.0,196.17000000000002,258577372.0,147.735,393028043,8061.109375,676919523650.0,163.67479705810547,252844958892.0,1479.3499755859375,443701.0,3102.489990234375,72410620000
2019-12,1818.2,68522009,275.13,598871365,1322.05,28279817.0,201.05,278225688.0,153.10000000000002,452664147,7141.740478515625,633790373416.0,136.4677276611328,247117483830.0,,,3159.1300048828125,72325540000
2020-01,1935.5299999999997,84743300,310.3,734044103,1423.5349999999999,33629150.0,212.63,347787838.0,165.28,555989763,8234.06103515625,852872174496.0,156.37525177001953,327976431869.0,1561.0999755859375,316262.0,3276.2049560546875,77287980000
2020-02,1998.54,92555977,291.795,755223231,1399.475,41565155.0,200.29500000000002,317634511.0,171.35,887894931,9475.27978515625,1163376492768.0,233.43443298339844,578092481246.0,1617.1499633789062,9617.0,3124.6800537109375,84436590000
2020-03,1811.1799999999998,163796017,258.305,1570331732,1208.53,78534591.0,167.17000000000002,649513169.0,153.76,1612954386,6637.338134765625,1290442059648.0,172.58139419555664,498921414458.0,,,2664.2900390625,162185380000
2020-04,2182.075,124631816,265.715,816530808,1217.615,56214524.0,180.26,541538950.0,165.38,984810925,7821.511962890625,1156127164831.0,178.63031768798828,532158870567.0,1672.5,14324.0,2701.175048828125,123608160000
2020-05,2390.915,82620883,305.045,701660022,1370.56,36255952.0,219.82999999999998,509432028.0,180.655,688873081,9185.533203125,1286368141507.0,212.38179779052734,505593287696.0,1720.5,168568.0,2917.6549072265625,107135190000
2020-06,2616.565,87845661,344.79499999999996,810900890,1413.72,40715938.0,226.15,548043739.0,192.875,765012029,9587.54541015625,650913318680.0,235.8473358154297,252220724156.0,1730.8999633789062,16436.0,3099.3948974609375,131458880000
2020-07,3049.145,127304238,391.12,755162226,1500.615,41090608.0,241.375,516844579.0,206.945,769842002,10196.43994140625,545813339109.0,286.5779266357422,251431946993.0,1873.4500122070312,246967.0,3190.5799560546875,96928130000
2020-08,3284.0,83519879,320.57,1184207050,1558.4099999999999,30731651.0,276.05,574266263.0,217.14499999999998,692382980,11685.73583984375,708377092130.0,394.0825958251953,374122796720.0,1967.2999877929688,11710.0,3399.6500244140625,82466520000
2020-09,3211.625,115969967,120.53999999999999,3886793083,1564.1261,41834280.0,273.865,499179596.0,214.555,768528897,10991.787109375,1075949438431.0,401.9931182861328,518354378929.0,1918.9000244140625,17781.0,3398.780029296875,92310780000
2020-10,3257.62,116252115,116.555,2895317580,1557.2725,42753029.0,270.03,454176190.0,212.41500000000002,631674298,12222.45166015625,1050874546086.0,377.34361267089844,416749195873.0,1893.9500122070312,9613.0,3391.89501953125,89938980000
2020-11,3158.46,90800583,114.655,2122724412,1714.499,31560329.0,277.36,356724889.0,214.12,573325190,16496.2119140625,1093144913227.0,496.2430725097656,487476388045.0,,,3462.864990234375,101247180000
2020-12,3211.735,77463508,129.3995,2319687808,1768.915,30424255.0,278.205,363610072.0,218.145,593966967,23432.205078125,1212259707946.0,643.6508178710938,470673397126.0,1841.4500122070312,12142.0,3696.7999267578125,96375680000
2021-01,3224.9449999999997,71427780,135.736,2239366098,1814.0907,39569373.0,265.70000000000005,452021869.0,227.29,647897096,35334.7470703125,2153473433571.0,1092.9472045898438,1181644236261.0,1880.9500122070312,225930.0,3766.804931640625,106117800000
2021-02,3235.35,70893385,128.1335,1825486961,1994.8625,33609952.0,265.32,315517591.0,237.005,489396912,45357.3994140625,2267152936675.0,1655.3221435546875,1007718046121.0,1795.3500366210938,16813.0,3838.0250244140625,99082320000
2021-03,3031.50005,78204991,122.465,2650845211,2053.87,37837953.0,276.60249999999996,497455263.0,232.655,724981506,53399.478515625,1681184264687.0,1682.126953125,730832219123.0,1712.0,167914.0,3858.875,122371150000
2021-04,3334.775,76843571,129.78,1889956694,2261.4049999999997,35119920.0,313.925,421280404.0,250.62005,568698272,56011.291015625,1844481772417.0,2355.075439453125,995334204881.0,1750.4500122070312,11366.0,4105.7799072265625,83124090000
2021-05,3307.0074999999997,75191624,128.16,1711935110,2291.335,30175239.0,315.985,353419284.0,246.20999999999998,495089530,45100.42578125,1976593438572.0,3049.90966796875,1510329786014.0,1840.1000366210938,210133.0,4147.4599609375,88321860000
2021-06,3348.52995,66960544,130.26999999999998,1606114354,2395.715,27241174.0,340.81,344609593.0,257.325,508388858,35094.4453125,1189647451707.0,2299.427734375,813523116983.0,1834.1499633789062,8466.0,4233.4150390625,102544180000
2021-07,3540.0290999999997,82554006,142.88,1916751489,2598.285,30452492.0,356.02495,334221334.0,279.875,522303043,35798.2509765625,819103381204.0,2136.60595703125,591738936958.0,1800.9000244140625,245814.0,4331.550048828125,84255620000
2021-08,3324.17,62844829,148.995,1462773381,2792.8999999999996,23041294.0,365.22950000000003,226135690.0,294.78999999999996,440360333,43970.041015625,1014674184428.0,2958.1728515625,703006251884.0,,,4452.544921875,80500760000
2021-09,3411.99,62540133,149.265,1797948421,2798.0975,29545719.0,361.24,338133948.0,293.47,502931199,46320.6875,1102139678824.0,3349.4383544921875,653984909752.0,1777.6500244140625,28543.0,4425.880126953125,85528860000
2021-10,3327.625,63680713,145.7175,1565079040,2797.0,36040000.0,326.565,588382461.0,306.125,516523658,55125.20703125,1153077903534.0,3717.19482421875,574798465423.0,1776.8499755859375,8208.0,4443.510009765625,80253600000
2021-11,3522.8475,75633992,156.58999999999997,1688864233,2925.6800000000003,30278875.0,338.515,440274313.0,338.02,507120518,61179.6953125,1053270271383.0,4412.6055908203125,573546775953.0,1815.75,221936.0,4651.9150390625,88268840000
2021-12,3431.8900000000003,64405344,169.965,2443227128,2884.21,30992881.0,326.105,437947523.0,330.775,625743806,50958.150390625,957047184722.0,4153.11328125,621042023890.0,1790.8500366210938,10803.0,4652.025146484375,92750180000
2022-01,3067.52,76146845,168.82,2106513962,2709.8489,38092594.0,316.04769999999996,426742200.0,307.025,946705316,40532.732421875,923979037681.0,3024.543212890625,491108556504.0,1815.75,232014.0,4520.6201171875,95562890000
2022-02,3021.675,84446686,164.325,1628570227,2764.99825,46381207.0,259.11,1127891130.0,293.32,697204843,40060.1953125,671335993325.0,2790.115478515625,416163449938.0,1880.2000122070312,9510.0,4354.97998046875,92667710000
2022-03,3044.04,81145583,164.85500000000002,2171827429,2690.685,36383218.0,208.4855,730939429.0,292.975,732627846,42673.51953125,830943838435.0,2962.8900146484375,436852450559.0,1982.75,157864.0,4397.5849609375,123546260000
2022-04,2900.1949999999997,73072079,166.935,1683547838,2564.4850500000002,37720682.0,202.93,671047219.0,292.555,622644983,42505.708984375,830115888649.0,3150.6832275390625,493826441956.0,1935.0,7725.0,4358.864990234375,90367840000
2022-05,2274.805,112895255,149.54500000000002,2400305601,2247.3918000000003,42514648.0,200.205,680370106.0,268.65999999999997,742766114,33126.7197265625,1105689315990.0,2338.9757690429688,636271175493.0,,,4058.9901123046875,108860390000
2022-06,1306.8149999999998,1457571482,140.39,1749297959,2243.9300000000003,38543689.0,178.14,686376324.0,259.6,621501474,24832.9541015625,923939211678.0,1430.6378173828125,562032668964.0,1838.2999877929688,7851.0,3907.18994140625,106116710000
2022-07,121.74845,1338005773,149.64499999999998,1447364668,1248.885,428144985.0,169.35,586548218.0,263.97,534986150,21769.765625,927582363389.0,1396.8983764648438,534457515643.0,1742.9500122070312,194989.0,3930.85498046875,81688320000
2022-08,136.655,1170389539,166.64499999999998,1509735435,115.11500000000001,515791070.0,169.16505,551637733.0,277.42,476959033,22368.1875,894192654543.0,1725.2599487304688,554162785316.0,1756.7000122070312,11161.0,4139.9049072265625,92252350000
2022-09,124.275,1209987592,151.13,2083968147,103.59,612908183.0,152.75504999999998,634744508.0,250.08999999999997,575416752,20482.0673828125,1123272250385.0,1506.9622802734375,496652295826.0,1674.25,41586.0,3851.704833984375,94241020000
2022-10,110.33,1459511591,145.935,1868381344,98.31,681653109.0,117.49504999999999,1114165581.0,235.08499999999998,671366804,19654.1083984375,957903424925.0,1430.8302001953125,382071643030.0,1675.4000244140625,8817.0,3698.5,95823760000
2022-11,95.225,2035252422,144.915,1724948219,92.19,716537649.0,103.41499999999999,1063814422.0,234.3805,615328220,18522.966796875,1224531549126.0,1371.2364501953125,421797905717.0,1697.0,161813.0,3889.1300048828125,92671910000
2022-12,89.46000000000001,1549193116,138.39495,1675731304,94.095,602717061.0,118.565,653019661.0,248.8925,591366468,17358.333984375,541356716034.0,1253.2758178710938,161130639970.0,1795.300048828125,9347.0,3932.7249755859375,85249330000
2023-01,92.45750000000001,1523798384,135.7,1443652725,92.59,672897542.0,137.735,548770812.0,234.59,666168068,20220.5625,690994018045.0,1433.5323486328125,224952954314.0,,,3944.27001953125,80763810000
2023-02,103.1593,1364198308,149.35,1307294493,98.3775,952709694.0,172.11,772199855.0,261.115,615540778,23297.1025390625,723968574897.0,1601.4125366210938,223749343195.0,1883.5999755859373,10398.0,4069.260009765625,80392280000
2023-03,95.805,1349466996,154.45,1520461315,98.005,860049034.0,191.8,690450690.0,267.44,747751976,24394.078125,883299703608.0,1616.2067260742188,302468060876.0,1907.7000122070312,104261.0,3959.8050537109375,113094800000
2023-04,104.2825,1222124091,164.815,967580718,105.55000000000001,603728992.0,224.4075,439810216.0,292.15,551356990,29038.228515625,511540319004.0,1951.4819946289062,277179762298.0,1999.300048828125,7282.0,4109.705078125,70861260000
2023-05,112.035,1432007632,171.82999999999998,1275052503,115.07,820529683.0,249.25,487059059.0,319.66999999999996,600453246,27849.2783203125,443473015479.0,1879.9816284179688,202326166173.0,2001.5,215367.0,4139.6900634765625,88929200000
2023-06,125.71000000000001,1243071267,185.7053,1297863403,122.57,656884438.0,274.33500000000004,481179600.0,336.985,547748450,28093.353515625,481734214225.0,1784.706298828125,206194132396.0,1937.75,6383.0,4315.06005859375,87983140000
2023-07,131.2825,1059097946,192.415,996368613,124.545,707114432.0,305.52495,625339455.0,346.89,666956355,30374.4052734375,382224489090.0,1929.1151733398438,177596680398.0,1940.7999877929688,220474.0,4496.059814453125,75063200000
2023-08,135.01999999999998,1213497007,184.345,1323817340,132.1912,593521002.0,299.26,424632813.0,325.0454,479669427,27792.9541015625,437724169499.0,1714.6123657226562,168678383229.0,1924.7000122070312,9086.0,4459.965087890625,86840820000
2023-09,134.45000000000002,1120523243,178.8,1337873796,133.19,477625238.0,299.83000000000004,406801410.0,325.155,416768824,26209.5302734375,337637313742.0,1612.9789428710938,134781867370.0,1898.0,19996.0,4389.93994140625,73482980000
2023-10,126.41499999999999,1224706726,174.005,1172845791,130.71285,680762930.0,304.9715,511372074.0,328.7075,540963749,30854.376953125,476425634860.0,1694.1663818359375,192662877051.0,,,4248.6748046875,83519460000
2023-11,141.485,1026201791,181.525,1099760711,131.5675,535336827.0,322.385,329354280.0,361.975,564165364,36274.390625,570863267380.0,1957.1634521484375,315824566888.0,1992.3500366210938,199965.0,4392.690185546875,80970570000
2023-12,149.22,930652363,193.53555,1062317718,135.29000000000002,619214883.0,337.78,334028198.0,370.53,521914675,41167.4375,721704910480.0,2245.7872924804688,351655489427.0,2052.5999755859375,8723.0,4669.89990234375,81530670000
2024-01,152.89,952721600,188.27499999999998,1187139861,144.465,580941276.0,373.185,347229642.0,390.90999999999997,525975837,43745.6328125,825918941347.0,2412.173583984375,365409742553.0,2038.1499633789062,184500.0,4806.599853515625,81737880000
2024-02,166.42000000000002,1045157826,185.15,1161711745,142.425,647506998.0,443.70495,466261632.0,409.02,444203455,52896.162109375,830721862621.0,2881.2705078125,435402067623.0,2024.6500244140625,10472.0,4982.2900390625,82066930000
2024-03,176.58499999999998,700200667,174.51,1430780147,141.4605,671379553.0,499.785,278473986.0,414.605,425101681,66536.990234375,1446417844950.0,3575.969482421875,670105166249.0,2137.9500732421875,241903.0,5160.8349609375,86299510000
2024-04,178.04500000000002,913774690,171.2175,1240410671,162.155,657659985.0,472.99495,436147995.0,408.7,440119511,65917.712890625,1016068331704.0,3295.0050048828125,480678795896.0,2329.5,8117.0,5108.755126953125,81747170000
2024-05,182.785,892339076,181.055,1336570142,170.91000000000003,542413794.0,454.80495,282486703.0,411.95500000000004,413810421,64250.876953125,874291509757.0,3394.7398681640625,494712697510.0,2356.7000732421875,154217.0,5176.46484375,86849720000
2024-06,187.88,813275850,206.175,1723984420,178.60500000000002,461090319.0,495.55995,226951165.0,432.5467,342370406,65254.775390625,726773965644.0,3565.8636474609375,401807474721.0,2335.25,7958.0,5378.97998046875,76025620000
2024-07,189.0,868117789,224.575,1153193377,177.905,526148198.0,492.72999999999996,324021236.0,440.28,440446499,61852.45703125,953395573307.0,3193.044921875,496826192549.0,2397.4000244140625,155434.0,5530.31005859375,80160390000
2024-08,171.10500000000002,971024071,214.45999999999998,1122666993,164.49,550739537.0,497.515,323379343.0,406.52,451919023,57357.240234375,1043105485208.0,2682.1617431640625,535770895767.0,2447.3499755859375,12103.0,5385.43994140625,81097300000
2024-09,183.265,764498511,223.505,1231814423,156.6825,532527762.0,536.5,246373276.0,421.32500000000005,376719438,59539.697265625,879117914822.0,2439.4654541015625,438144022015.0,,,5584.9951171875,79564830000
2024-10,187.93,734067340,229.41000000000003,930835961,170.88,569355454.0,582.235,265908326.0,422.4,440766715,66236.208984375,993732418048.0,2538.2886962890625,500885085548.0,2695.75,4495.0,5776.22998046875,82412430000
2024-11,205.10505,905938116,228.76,891640714,173.095,529990651.0,574.355,237811395.0,417.44815,442321341,83229.57421875,2055808875264.0,3049.7564697265625,1029930619790.0,2655.0999755859375,307970.0,5870.33984375,84101980000
